,CV Filename,Email
0,C1061.pdf,alyssachavez88@gmail.com
1,C1070.pdf,scottsaunders13@gmail.com
2,C1080.pdf,pamelakerr20@gmail.com
3,C1161.pdf,richardmolina72@gmail.com
4,C1164.pdf,deborahfoster16@gmail.com
5,C1191.pdf,traceyjones36@gmail.com
6,C1212.pdf,robertflores62@gmail.com
7,C1228.pdf,jeffreygordon62@gmail.com
8,C1236.pdf,amandaschneider31@gmail.com
9,C1320.pdf,ryanflowers36@gmail.com
10,C1446.pdf,danielbailey75@gmail.com
11,C1487.pdf,garydavis62@gmail.com
12,C1499.pdf,brianhurley66@gmail.com
13,C1547.pdf,tracysanchez80@gmail.com
14,C1627.pdf,dennisschwartz64@gmail.com
15,C1677.pdf,shelleybartlett86@gmail.com
16,C1701.pdf,sandrastone76@gmail.com
17,C1781.pdf,marytyler35@gmail.com
18,C1789.pdf,heatherclay62@gmail.com
19,C1791.pdf,aprilduarte34@gmail.com
20,C1796.pdf,josephsexton49@gmail.com
21,C2098.pdf,michaeljuarez73@gmail.com
22,C2139.pdf,zacharygregory28@gmail.com
23,C2144.pdf,staceyhunter24@gmail.com
24,C2235.pdf,staciegriffith91@gmail.com
25,C2250.pdf,marymiller98@gmail.com
26,C2256.pdf,leonardadams83@gmail.com
27,C2287.pdf,brianmay26@gmail.com
28,C2430.pdf,victoriaburton73@gmail.com
29,C2546.pdf,kristyhenderson98@gmail.com
30,C2603.pdf,charlesgarcia79@gmail.com
31,C2607.pdf,sarahmccullough41@gmail.com
32,C2652.pdf,jamessmith59@gmail.com
33,C2669.pdf,josephmiller70@gmail.com
34,C2720.pdf,stacymarquez91@gmail.com
35,C2775.pdf,sydneyjones43@gmail.com
36,C2808.pdf,shannonknox89@gmail.com
37,C2836.pdf,jeffreyjohnson39@gmail.com
38,C2838.pdf,jessicadorsey20@gmail.com
39,C2872.pdf,robertbolton96@gmail.com
40,C3014.pdf,davidwilliams49@gmail.com
41,C3017.pdf,robertsmith89@gmail.com
42,C3019.pdf,jeremycopeland98@gmail.com
43,C3045.pdf,chelseaspencer30@gmail.com
44,C3127.pdf,markgriffin54@gmail.com
45,C3142.pdf,lisagibbs59@gmail.com
46,C3169.pdf,paullewis15@gmail.com
47,C3226.pdf,tonyrodriguez13@gmail.com
48,C3315.pdf,kimberlygreen64@gmail.com
49,C3363.pdf,sarahwebb50@gmail.com
50,C3416.pdf,carolyngibson93@gmail.com
51,C3445.pdf,teresamcclure53@gmail.com
52,C3464.pdf,williammathis33@gmail.com
53,C3539.pdf,kimberlywhite65@gmail.com
54,C3557.pdf,angelabeasley21@gmail.com
55,C3570.pdf,donnasmith62@gmail.com
56,C3620.pdf,hollykennedy38@gmail.com
57,C3627.pdf,matthewrubio56@gmail.com
58,C3717.pdf,manuelaguilar94@gmail.com
59,C3761.pdf,geraldtaylor60@gmail.com
60,C3771.pdf,barrydavis18@gmail.com
61,C3821.pdf,fernandowalker39@gmail.com
62,C3830.pdf,biancaphelps52@gmail.com
63,C3863.pdf,maxwellphillips54@gmail.com
64,C3899.pdf,oscarperry25@gmail.com
65,C3912.pdf,kimberlyscott70@gmail.com
66,C3922.pdf,alyssahansen36@gmail.com
67,C4021.pdf,ryansmith96@gmail.com
68,C4024.pdf,andrewwatson32@gmail.com
69,C4194.pdf,tracygould38@gmail.com
70,C4256.pdf,laurenle40@gmail.com
71,C4277.pdf,melissacampos94@gmail.com
72,C4307.pdf,mistyanthony22@gmail.com
73,C4331.pdf,michaelhughes24@gmail.com
74,C4336.pdf,nancylewis11@gmail.com
75,C4439.pdf,timlee66@gmail.com
76,C4444.pdf,melissapayne75@gmail.com
77,C4460.pdf,jesusmartin75@gmail.com
78,C4482.pdf,rubenporter31@gmail.com
79,C4507.pdf,brendalee17@gmail.com
80,C4523.pdf,rodneyellis90@gmail.com
81,C4552.pdf,elizabethtanner32@gmail.com
82,C4573.pdf,ginareynolds30@gmail.com
83,C4602.pdf,davidhull82@gmail.com
84,C4627.pdf,elizabethreyes31@gmail.com
85,C4686.pdf,kennethbrown32@gmail.com
86,C4742.pdf,manuelpatterson50@gmail.com
87,C4760.pdf,jamesmullen57@gmail.com
88,C4919.pdf,tracyedwards82@gmail.com
89,C4999.pdf,jamessmith66@gmail.com
90,C5007.pdf,ashleyreynolds68@gmail.com
91,C5121.pdf,adamyoung35@gmail.com
92,C5125.pdf,lauranash83@gmail.com
93,C5230.pdf,robinzamora14@gmail.com
94,C5339.pdf,rebeccaward61@gmail.com
95,C5390.pdf,andreamartinez67@gmail.com
96,C5451.pdf,christopherturner62@gmail.com
97,C5507.pdf,ericbarton23@gmail.com
98,C5591.pdf,alexanderhood17@gmail.com
99,C5638.pdf,suzannenelson13@gmail.com
100,C5649.pdf,johnhenry51@gmail.com
101,C5661.pdf,annadams50@gmail.com
102,C5725.pdf,zacharyrivera52@gmail.com
103,C5756.pdf,jamesguerra91@gmail.com
104,C5767.pdf,christopherbailey75@gmail.com
105,C5786.pdf,angelatate96@gmail.com
106,C5804.pdf,wyattsandoval43@gmail.com
107,C5951.pdf,stevejenkins86@gmail.com
108,C6059.pdf,samanthacoleman24@gmail.com
109,C6129.pdf,cindywillis74@gmail.com
110,C6140.pdf,calvinnavarro18@gmail.com
111,C6239.pdf,ianhill59@gmail.com
112,C6277.pdf,christinamartinez77@gmail.com
113,C6302.pdf,jonjones83@gmail.com
114,C6315.pdf,amandaalexander79@gmail.com
115,C6357.pdf,philipperez65@gmail.com
116,C6384.pdf,harryjones50@gmail.com
117,C6507.pdf,kristenlarson78@gmail.com
118,C6583.pdf,andreajackson25@gmail.com
119,C6592.pdf,kimsimon51@gmail.com
120,C6631.pdf,christophertucker15@gmail.com
121,C6658.pdf,johnsharp33@gmail.com
122,C6746.pdf,krystalquinn71@gmail.com
123,C6768.pdf,kendrabraun42@gmail.com
124,C6776.pdf,xavierferguson18@gmail.com
125,C6942.pdf,michaeltaylor29@gmail.com
126,C6951.pdf,emilyriley38@gmail.com
127,C6979.pdf,richardevans28@gmail.com
128,C7032.pdf,devinfrazier14@gmail.com
129,C7093.pdf,adambrown16@gmail.com
130,C7094.pdf,jessicahouse25@gmail.com
131,C7128.pdf,joshuaaguilar29@gmail.com
132,C7226.pdf,saraferrell50@gmail.com
133,C7228.pdf,kimberlydavis49@gmail.com
134,C7230.pdf,madisonwebster69@gmail.com
135,C7231.pdf,toddwilliams97@gmail.com
136,C7242.pdf,nathanielortega41@gmail.com
137,C7254.pdf,brookeacosta22@gmail.com
138,C7315.pdf,maryconley69@gmail.com
139,C7318.pdf,maryfernandez96@gmail.com
140,C7482.pdf,michelleortiz34@gmail.com
141,C7492.pdf,brettmorris97@gmail.com
142,C7497.pdf,robertlewis17@gmail.com
143,C7527.pdf,andrewwallace88@gmail.com
144,C7535.pdf,ruthsalinas72@gmail.com
145,C7543.pdf,joelsmith39@gmail.com
146,C7550.pdf,aaronjordan33@gmail.com
147,C7554.pdf,amandamiller19@gmail.com
148,C7733.pdf,juliagates85@gmail.com
149,C7775.pdf,angelabentley84@gmail.com
150,C7784.pdf,lindamack21@gmail.com
151,C7831.pdf,baileylee44@gmail.com
152,C7842.pdf,johnanderson21@gmail.com
153,C7869.pdf,jasonbrown42@gmail.com
154,C7934.pdf,christophergallagher70@gmail.com
155,C7979.pdf,kylepark70@gmail.com
156,C7996.pdf,janeshepard88@gmail.com
157,C8035.pdf,amandahowell76@gmail.com
158,C8063.pdf,katiereeves50@gmail.com
159,C8203.pdf,kylemunoz16@gmail.com
160,C8239.pdf,malikroberts90@gmail.com
161,C8398.pdf,robertrangel79@gmail.com
162,C8420.pdf,christinehines27@gmail.com
163,C8518.pdf,christopherross57@gmail.com
164,C8564.pdf,bradwalker69@gmail.com
165,C8631.pdf,cynthiakelly78@gmail.com
166,C8676.pdf,tiffanyosborne10@gmail.com
167,C8692.pdf,coreymurphy92@gmail.com
168,C8730.pdf,johngregory85@gmail.com
169,C8760.pdf,jaclyncasey96@gmail.com
170,C8782.pdf,johndawson85@gmail.com
171,C8810.pdf,thomasbaird44@gmail.com
172,C8849.pdf,justinwilliams39@gmail.com
173,C8886.pdf,mitchellscott20@gmail.com
174,C8928.pdf,christinehoward27@gmail.com
175,C9104.pdf,nicolemendoza11@gmail.com
176,C9117.pdf,laurawilson31@gmail.com
177,C9142.pdf,kayleewolfe62@gmail.com
178,C9146.pdf,tiffanysanders45@gmail.com
179,C9165.pdf,ryanmccormick53@gmail.com
180,C9200.pdf,bradleyvelasquez44@gmail.com
181,C9207.pdf,terribenson34@gmail.com
182,C9228.pdf,kimberlydavis90@gmail.com
183,C9262.pdf,josephsmith80@gmail.com
184,C9282.pdf,loribrown54@gmail.com
185,C9342.pdf,davidwashington25@gmail.com
186,C9369.pdf,sylviabrown74@gmail.com
187,C9533.pdf,katieburns55@gmail.com
188,C9534.pdf,terryjacobson44@gmail.com
189,C9567.pdf,julieduffy97@gmail.com
190,C9590.pdf,stephenhayden76@gmail.com
191,C9628.pdf,jenniferscott70@gmail.com
192,C9677.pdf,andrewsloan82@gmail.com
193,C9742.pdf,jordanruiz61@gmail.com
194,C9777.pdf,emmarose18@gmail.com
195,C9779.pdf,jasondawson17@gmail.com
196,C9884.pdf,eugenehardy24@gmail.com
197,C9897.pdf,lancevaldez52@gmail.com
198,C9919.pdf,tonizamora21@gmail.com
199,C9945.pdf,erikapaul51@gmail.com
